,first_name,gender
0,Dominick,Male
1,Moyna,Female
2,Micheil,Male
3,Muhammad,Male
4,Diana,Female
5,Siouxie,Female
6,Zena,Female
7,Aime,Female
8,Max,Male
9,Tobit,Male
10,Arvy,Male
11,Alison,Female
12,Carmen,Female
13,Carol,Female
14,Gerta,Female
15,Aimil,Female
16,Marti,Female
17,Vinson,Male
18,Freddy,Female
19,Jayme,Male
20,Samuele,Male
21,Hansiain,Male
22,Tammie,Male
23,Konstanze,Female
24,Alysa,Female
25,Conchita,Female
26,Vonny,Female
27,Storm,Female
28,Anstice,Female
29,Udell,Male
30,Norene,Female
31,Fowler,Male
32,Jonie,Female
33,Hilarius,Male
34,Jared,Male
35,Annelise,Female
36,Bill,Male
37,Karlene,Female
38,Benson,Male
39,Lena,Female
40,Suzy,Female
41,Salli,Female
42,Elwin,Male
43,Felicio,Male
44,Vivien,Female
45,Edwin,Male
46,Maryann,Female
47,Crin,Female
48,Laureen,Female
49,Kris,Female
50,Mair,Female
51,Ketti,Female
52,Sylvan,Male
53,Tait,Male
54,Pennie,Male
55,Iris,Female
56,Langston,Male
57,Elysha,Female
58,Horatia,Female
59,Banky,Male
60,Rosco,Male
61,Griffie,Male
62,Humberto,Male
63,Leontyne,Female
64,Ruprecht,Male
65,Cointon,Male
66,Rossie,Male
67,Ax,Male
68,Ramon,Male
69,Gaby,Male
70,Norman,Male
71,Sim,Male
72,Judd,Male
73,Dukey,Male
74,Ivory,Female
75,Avram,Male
76,Willette,Female
77,Sheridan,Male
78,Roanna,Female
79,Hakeem,Male
80,Cointon,Male
81,Alberto,Male
82,Bella,Female
83,Rasla,Female
84,Rustie,Male
85,Wayne,Male
86,Dyann,Female
87,Aleece,Female
88,Beatrix,Female
89,Bud,Male
90,Ethan,Male
91,Madelin,Female
92,Brendis,Male
93,Emylee,Female
94,Maryanna,Female
95,Zonnya,Female
96,Suzette,Female
97,Roxy,Female
98,Coraline,Female
99,Marve,Male
100,Yetty,Female
101,Matthias,Male
102,Raviv,Male
103,Christalle,Female
104,Whitaker,Male
105,Ann-marie,Female
106,Royce,Male
107,Otho,Male
108,Gabriele,Male
109,Garv,Male
110,Felicia,Female
111,Issiah,Male
112,Sean,Male
113,Amity,Female
114,Emile,Male
115,Georgie,Female
116,Ray,Male
117,Gian,Male
118,Arney,Male
119,Revkah,Female
120,Vittorio,Male
121,Karine,Female
122,Noelyn,Female
123,Pennie,Female
124,Huberto,Male
125,Farlay,Male
126,Matthias,Male
127,Dallis,Male
128,Ari,Male
129,Finn,Male
130,Erick,Male
131,Suzi,Female
132,Arlina,Female
133,Aldus,Male
134,Emili,Female
135,Meryl,Female
136,Gaby,Male
137,Lem,Male
138,Martyn,Male
139,Tibold,Male
140,Halie,Female
141,Selena,Female
142,Kenna,Female
143,Caz,Male
144,Deina,Female
145,Witty,Male
146,Evanne,Female
147,Goran,Male
148,Freda,Female
149,Debor,Female
150,Liliane,Female
151,Pedro,Male
152,Orran,Male
153,Kathlin,Female
154,Ronni,Female
155,Lynsey,Female
156,Barde,Male
157,Birk,Male
158,Stanly,Male
159,Aloysia,Female
160,Blane,Male
161,Laney,Female
162,Joanna,Female
163,Cosimo,Male
164,Michell,Female
165,Carly,Male
166,Sebastian,Male
167,Stearne,Male
168,Dru,Female
169,Romain,Male
170,Hildegarde,Female
171,Mariann,Female
172,Katy,Female
173,Eustace,Male
174,Cy,Male
175,Cary,Male
176,Janice,Female
177,Kordula,Female
178,Leland,Male
179,Rosco,Male
180,Reinaldos,Male
181,Verney,Male
182,Hilton,Male
183,Reece,Male
184,Ganny,Male
185,Corilla,Female
186,Sonya,Female
187,Nikolaos,Male
188,Fancie,Female
189,Gardy,Male
190,Trueman,Male
191,Frank,Female
192,Ilene,Female
193,Lannie,Male
194,Alvin,Male
195,Helsa,Female
196,Merv,Male
197,Ulric,Male
198,Skyler,Male
199,Agustin,Male
200,Alison,Female
201,Alie,Female
202,Bobbette,Female
203,Charita,Female
204,Ileana,Female
205,Courtnay,Male
206,Ives,Male
207,Orelie,Female
208,Almeda,Female
209,Velma,Female
210,Redford,Male
211,Aharon,Male
212,Theressa,Female
213,Adrianne,Female
214,Faustine,Female
215,Jordon,Male
216,Julius,Male
217,Griffin,Male
218,Zachariah,Male
219,Nelle,Female
220,Pauline,Female
221,Jacynth,Female
222,Reinold,Male
223,Marja,Female
224,Natty,Male
225,Adel,Female
226,Angelle,Female
227,Lorena,Female
228,Lorene,Female
229,Shannon,Female
230,Rutherford,Male
231,Lanette,Female
232,Junina,Female
233,Pansy,Female
234,Harwell,Male
235,Nonnah,Female
236,Maurie,Male
237,Cully,Male
238,Deirdre,Female
239,Gretna,Female
240,Rosella,Female
241,Elwira,Female
242,Esme,Female
243,Johna,Female
244,Dana,Female
245,Tirrell,Male
246,Benedetta,Female
247,Hunt,Male
248,Brien,Male
249,Stavros,Male
250,Reuven,Male
251,Josselyn,Female
252,Colin,Male
253,Delly,Female
254,Pembroke,Male
255,Enrichetta,Female
256,Cyrus,Male
257,Anni,Female
258,Saundra,Female
259,Jolynn,Female
260,Iggy,Male
261,Radcliffe,Male
262,Odie,Male
263,Marcelo,Male
264,Ashby,Male
265,Wolfie,Male
266,Lyn,Female
267,Lin,Male
268,Joaquin,Male
269,Eziechiele,Male
270,Aaron,Male
271,Avrit,Female
272,Jessi,Female
273,Clarette,Female
274,Pail,Male
275,Mohammed,Male
276,Darrell,Male
277,Cart,Male
278,Martino,Male
279,Eziechiele,Male
280,Towny,Male
281,Silvia,Female
282,Poppy,Female
283,Randy,Female
284,Brendis,Male
285,Stacy,Male
286,Lenora,Female
287,Adriane,Female
288,Mallory,Male
289,Damian,Male
290,Cheryl,Female
291,Rafi,Male
292,Hagen,Male
293,Josefina,Female
294,Ricky,Female
295,Burnard,Male
296,Reynolds,Male
297,Stacy,Female
298,Lynelle,Female
299,Kassey,Female
