,first_name,last_name
249,Stavros,Tapper
250,Reuven,Birkbeck
251,Josselyn,Esland
252,Colin,Moncrieffe
253,Delly,Easbie
254,Pembroke,Vasyanin
255,Enrichetta,Gebuhr
256,Cyrus,Tredwell
257,Anni,Marples
258,Saundra,Adami
259,Jolynn,Kassidy
260,Iggy,Pennings
261,Radcliffe,Richten
262,Odie,Parfrey
263,Marcelo,Dalzell
264,Ashby,Geikie
265,Wolfie,Creffeild
266,Lyn,Bottjer
267,Lin,Turbayne
268,Joaquin,Sisselot
269,Eziechiele,Kilday
270,Aaron,Johnson
271,Avrit,Ralfe
272,Jessi,Boake
273,Clarette,Hadwin
274,Pail,Ranger
275,Mohammed,Derisley
276,Darrell,Elie
277,Cart,Cradock
278,Martino,Kopta
279,Eziechiele,Von Welden
280,Towny,Leate
281,Silvia,Osgorby
282,Poppy,Shiliton
283,Randy,MacCosty
284,Brendis,Bread
285,Stacy,Whitter
286,Lenora,Schurcke
287,Adriane,Sheringham
288,Mallory,McSperrin
289,Damian,Eagland
290,Cheryl,Barwise
291,Rafi,Terram
292,Hagen,Chessman
293,Josefina,Phalp
294,Ricky,Littlejohns
295,Burnard,Berthomier
296,Reynolds,Spradbery
297,Stacy,Balazin
298,Lynelle,Debnam
299,Kassey,Gransden
