,first_name,last_name
0,Dominick,Birkett
1,Moyna,Jacquemard
2,Micheil,Molyneux
3,Muhammad,Cheel
4,Diana,Custard
5,Siouxie,Dupree
6,Zena,Evison
7,Aime,Laval
8,Max,Raphael
9,Tobit,Anney
10,Arvy,Garvey
11,Alison,Hardcastle
12,Carmen,Killigrew
13,Carol,Royce
14,Gerta,Acres
15,Aimil,Attock
16,Marti,McGonagle
17,Vinson,McGrowther
18,Freddy,Pettitt
19,Jayme,Cardis
20,Samuele,Davidov
21,Hansiain,Achrameev
22,Tammie,Trodden
23,Konstanze,Ewen
24,Alysa,Dobbinson
25,Conchita,Donat
26,Vonny,Bambridge
27,Storm,Tott
28,Anstice,Iannini
29,Udell,Rickeard
30,Norene,Cohane
31,Fowler,Manton
32,Jonie,Pethybridge
33,Hilarius,Gulleford
34,Jared,Bende
35,Annelise,Uglow
36,Bill,Yearron
37,Karlene,Itzkovici
38,Benson,Aysh
39,Lena,Threadgall
40,Suzy,Knightly
41,Salli,Poll
42,Elwin,Vanner
43,Felicio,Curtiss
44,Vivien,Petrello
45,Edwin,Dodwell
46,Maryann,Segar
47,Crin,Dabernott
48,Laureen,Brimelow
49,Kris,Ivanchin
50,Mair,Bichard
51,Ketti,Ahern
52,Sylvan,Mc Carrick
53,Tait,Gibke
54,Pennie,De Benedetti
55,Iris,Arsey
56,Langston,Headington
57,Elysha,Giercke
58,Horatia,Bullin
59,Banky,Pretsel
60,Rosco,Montfort
61,Griffie,Pashley
62,Humberto,Dallender
63,Leontyne,Haeslier
64,Ruprecht,Simonnet
65,Cointon,Varran
66,Rossie,Able
67,Ax,Capehorn
68,Ramon,Matys
69,Gaby,McQuaker
70,Norman,Bridges
71,Sim,Koomar
72,Judd,Petrashov
73,Dukey,Luthwood
74,Ivory,Bugge
75,Avram,Franceschi
76,Willette,Trevon
77,Sheridan,Thornley
78,Roanna,Elcoux
79,Hakeem,Winckles
80,Cointon,Trusler
81,Alberto,Maddinon
82,Bella,Wiburn
83,Rasla,Agget
84,Rustie,Layfield
85,Wayne,Barnewille
86,Dyann,Alessandretti
87,Aleece,Blayd
88,Beatrix,Jordeson
89,Bud,Coils
90,Ethan,MacCartan
91,Madelin,Milsom
92,Brendis,Isaksson
93,Emylee,Grigson
94,Maryanna,Chidgey
95,Zonnya,Uwins
96,Suzette,Edland
97,Roxy,Courtese
98,Coraline,Banbrook
99,Marve,Macrow
100,Yetty,Dochon
101,Matthias,McKeevers
102,Raviv,Surguine
103,Christalle,Olohan
104,Whitaker,Kunzler
105,Ann-marie,Jewess
106,Royce,Burgott
107,Otho,Duddle
108,Gabriele,Pitkeathley
109,Garv,MacKegg
110,Felicia,Winkless
111,Issiah,Lippett
112,Sean,Giacomasso
113,Amity,Petkovic
114,Emile,Sevin
115,Georgie,Antoniou
116,Ray,Lummus
117,Gian,Covil
118,Arney,Palffrey
119,Revkah,Hubane
120,Vittorio,Ferrolli
121,Karine,Pettett
122,Noelyn,Sherrocks
123,Pennie,Jzhakov
124,Huberto,Ordelt
125,Farlay,Flancinbaum
126,Matthias,Weyman
127,Dallis,Gilliard
128,Ari,Beniesh
129,Finn,Rispen
130,Erick,O'Nolan
131,Suzi,McCrossan
132,Arlina,Ferriere
133,Aldus,Landers
134,Emili,Feltham
135,Meryl,Henstone
136,Gaby,Blazynski
137,Lem,Hanshawe
138,Martyn,Tunmore
139,Tibold,Danilenko
140,Halie,Moodycliffe
141,Selena,Kardos
142,Kenna,Beazer
143,Caz,Iceton
144,Deina,Pahl
145,Witty,Eaton
146,Evanne,Halfhide
147,Goran,Adamides
148,Freda,Morrissey
149,Debor,Linay
150,Liliane,Faill
151,Pedro,Caulder
152,Orran,Corkan
153,Kathlin,Crampsey
154,Ronni,Egdal
155,Lynsey,Farndale
156,Barde,Tapin
157,Birk,Haversum
158,Stanly,Bennion
159,Aloysia,Vivers
160,Blane,Sprules
161,Laney,Taphouse
162,Joanna,Chatfield
163,Cosimo,Lardeux
164,Michell,Karpets
165,Carly,McCrossan
166,Sebastian,Marshallsay
167,Stearne,Bachura
168,Dru,Wincott
169,Romain,Swain
170,Hildegarde,Etienne
171,Mariann,Preston
172,Katy,Letham
173,Eustace,Noorwood
174,Cy,Wolfarth
175,Cary,Sapsed
176,Janice,Tropman
177,Kordula,Berceros
178,Leland,D'Almeida
179,Rosco,Witherden
180,Reinaldos,Masselin
181,Verney,Harniman
182,Hilton,Bernaert
183,Reece,Lorden
184,Ganny,Lockier
185,Corilla,Doubleday
186,Sonya,Blamires
187,Nikolaos,Klich
188,Fancie,Januszkiewicz
189,Gardy,Jammes
190,Trueman,Laurenson
191,Frank,Boater
192,Ilene,Radbourne
193,Lannie,Bellhanger
194,Alvin,Cullip
195,Helsa,Gorring
196,Merv,Speeks
197,Ulric,Jeffry
198,Skyler,Bursnell
199,Agustin,Bogace
200,Alison,Vidyapin
201,Alie,Carrabot
202,Bobbette,Rolstone
203,Charita,Brabham
204,Ileana,De Souza
205,Courtnay,Basley
206,Ives,Aizikov
207,Orelie,Matyatin
208,Almeda,Thieme
209,Velma,Pashenkov
210,Redford,Doumenc
211,Aharon,Chasmoor
212,Theressa,Parkinson
213,Adrianne,Boler
214,Faustine,Lodo
215,Jordon,Dunnett
216,Julius,Hallibone
217,Griffin,Peart
218,Zachariah,Satch
219,Nelle,Cranmer
220,Pauline,Hunter
221,Jacynth,Aylward
222,Reinold,Mallalieu
223,Marja,Oxnam
224,Natty,Azemar
225,Adel,Reynolds
226,Angelle,Rollitt
227,Lorena,Meeson
228,Lorene,Simo
229,Shannon,Ffoulkes
230,Rutherford,Eden
231,Lanette,Pim
232,Junina,Devany
233,Pansy,Stalley
234,Harwell,Jugging
235,Nonnah,Bradnocke
236,Maurie,Janny
237,Cully,Sangster
238,Deirdre,Shermore
239,Gretna,Whyke
240,Rosella,Taffarello
241,Elwira,Karlsson
242,Esme,Cordet
243,Johna,Bownde
244,Dana,Daouse
245,Tirrell,Sobey
246,Benedetta,Kimberley
247,Hunt,Pyburn
248,Brien,Wrack
249,Stavros,Tapper
250,Reuven,Birkbeck
251,Josselyn,Esland
252,Colin,Moncrieffe
253,Delly,Easbie
254,Pembroke,Vasyanin
255,Enrichetta,Gebuhr
256,Cyrus,Tredwell
257,Anni,Marples
258,Saundra,Adami
259,Jolynn,Kassidy
260,Iggy,Pennings
261,Radcliffe,Richten
262,Odie,Parfrey
263,Marcelo,Dalzell
264,Ashby,Geikie
265,Wolfie,Creffeild
266,Lyn,Bottjer
267,Lin,Turbayne
268,Joaquin,Sisselot
269,Eziechiele,Kilday
270,Aaron,Johnson
271,Avrit,Ralfe
272,Jessi,Boake
273,Clarette,Hadwin
274,Pail,Ranger
275,Mohammed,Derisley
276,Darrell,Elie
277,Cart,Cradock
278,Martino,Kopta
279,Eziechiele,Von Welden
280,Towny,Leate
281,Silvia,Osgorby
282,Poppy,Shiliton
283,Randy,MacCosty
284,Brendis,Bread
285,Stacy,Whitter
286,Lenora,Schurcke
287,Adriane,Sheringham
288,Mallory,McSperrin
289,Damian,Eagland
290,Cheryl,Barwise
291,Rafi,Terram
292,Hagen,Chessman
293,Josefina,Phalp
294,Ricky,Littlejohns
295,Burnard,Berthomier
296,Reynolds,Spradbery
297,Stacy,Balazin
298,Lynelle,Debnam
299,Kassey,Gransden
